supplier,research_url,original_candidate_confirmed,decaf_candidate_confirmed,current_unit_cost,bag_size,moq,packaging_cost,shipping_cost,lead_time,direct_fulfillment,replacement_terms,sample_terms,contact_date,response_date,evidence_location,status
Dripshipper,https://www.dripshipper.io/private-label-coffee,UNKNOWN,UNKNOWN,UNKNOWN,UNKNOWN,"No dropship minimum publicly stated",UNKNOWN,UNKNOWN,UNKNOWN,YES,UNKNOWN,YES,,,"Public page rechecked 2026-09-20",MEMBERSHIP_FEE_BLOCKED
Old Chicago Coffee Co.,https://oldchicagocoffee.com/dropshippers/,YES,YES,"10 oz regular $12.96; decaf-class $13.21; 12 oz regular $16.40; decaf-class $16.65","10 oz; 12 oz; 1 lb; 2 lb; 5 lb",NONE,"Free logo label publicly stated","Free USA shipping publicly stated","1-2 business days in most cases; 3-7 larger/peak",YES,UNKNOWN,"14-day trial publicly stated",,,"Public page rechecked 2026-09-20",EIN_AND_MONTHLY_FEE_BLOCKED
Path Coffee Roasters,https://pathcoffees.com/dropshipping-coffee/,UNKNOWN,UNKNOWN,"Average 12 oz bag stated as $11; not a selected-SKU quote",12 oz,NONE,"$400 setup with Path-printed labels; $350 with supplied labels","Exact shipping cost billed",3-4 business days publicly stated,YES,UNKNOWN,"6 oz samples available; cost not recorded",,,"Public page rechecked 2026-09-20",SETUP_FEE_BLOCKED
Liberty Beans Coffee,https://libertybeanscoffee.com/private-label/,YES,YES,UNKNOWN,12 oz publicly referenced,NONE,UNKNOWN,UNKNOWN,"Median 48-hour roast-to-ship publicly stated",YES,"Supplier-error replacement bag and shipping publicly stated",UNKNOWN,2026-09-20,,"Official page and Info@LibertyBeansCoffee.com verified; sent copy in hello@ mailbox",SENT_AWAITING_RESPONSE
La Vela Coffee Roasters,https://lavelacoffee.com/pages/private-label-coffee-program,YES,YES,UNKNOWN,UNKNOWN,"Low minimums stated; exact quantity UNKNOWN",UNKNOWN,UNKNOWN,"3-5 business days for most private-label orders",UNKNOWN,"Ships to brand or fulfillment center; direct customer fulfillment UNKNOWN",UNKNOWN,2026-09-20,,"Official page and info@lavelacoffee.com verified; sent copy in hello@ mailbox",SENT_AWAITING_RESPONSE
Frequent Coffee,https://frequentcoffee.com/pages/wholesale,YES,YES,UNKNOWN,"Retail and bulk sizes stated; exact sizes UNKNOWN",NONE,UNKNOWN,UNKNOWN,"1-2 business days for most wholesale orders",UNKNOWN,UNKNOWN,"Samples offered after inquiry; terms UNKNOWN",,,"Official wholesale form rechecked 2026-09-20",INQUIRY_READY_VIA_FORM
Legacy Farms Coffee,https://legacyfarmscoffee.com/pages/white-label,"Medium-to-dark whole-bean/ground range publicly stated; exact Original UNKNOWN",UNKNOWN,UNKNOWN,UNKNOWN,UNKNOWN,"Custom label setup advertised; cost UNKNOWN",UNKNOWN,UNKNOWN,YES,UNKNOWN,UNKNOWN,,,Official white-label and coffee pages reviewed 2026-10-03,INQUIRY_READY_VIA_FORM
Joe's Garage Coffee,https://joesgaragecoffee.com/services/private-label-coffee-dropshipping/,UNKNOWN,UNKNOWN,UNKNOWN,UNKNOWN,"Low minimums advertised; numeric MOQ UNKNOWN",UNKNOWN,UNKNOWN,UNKNOWN,"E-commerce fulfillment advertised; blind individual-order terms UNKNOWN",UNKNOWN,"Samples for approval advertised; price/credit UNKNOWN",,,Official facility and contact pages reviewed 2026-10-06,INQUIRY_READY_HOSTED_MAIL_BLOCKED
JavaMania Partner Connect,https://javamania.com/pages/dropship,"Cafe 96 / Cafe Bella comparison candidates only; sample required","Swiss Water Process Decaf advertised generally; exact SKU/process linkage UNKNOWN","50% of current retail; examples $9.50-$10.00 per 12 oz; not a Rising Son quote","12 oz; 2 lb; 5 lb","No dropship minimum publicly stated","Custom label included publicly; exact compliant-label terms UNKNOWN","Approx. $6.70 one bag; $9.80 two or three; actual destination cost applies","One business day publicly stated",YES,UNKNOWN,UNKNOWN,,,Official Partner Connect and product pages reviewed 2026-10-07,INQUIRY_READY_HOSTED_MAIL_BLOCKED
TiA Coffee,https://tiacoffee.us/private-label-coffee/,"Filter or another stock blend is a comparison candidate only; sample required","Swiss-Water Process Decaf publicly offered; sensory match UNKNOWN","Starts at $10.50/lb; public 50 lb run roughly $585-$625 before labels/freight; not a Rising Son quote","12 oz to 5 lb; 8 oz sometimes possible","50 lb per house blend; 100 lb custom blend","Bags publicly estimated $0.40-$1.00; filling $0.50/bag; labels UNKNOWN","Customer label and freight required; exact 1/2/3-bag rates UNKNOWN","About one week for small house-blend run; exact DTC timing UNKNOWN",YES,UNKNOWN,"Complimentary samples and usually shipping publicly stated",,,Official private-label FAQ and cost pages reviewed 2026-10-08,INQUIRY_READY_HOSTED_MAIL_BLOCKED
Javabooch,https://www.javabooch.com/private-label/,"Anaerobic light/medium fruit-forward coffee publicly emphasized; exact Original fit UNKNOWN",UNKNOWN,UNKNOWN,"8 oz to 5 lb",UNKNOWN,"Stock/custom bags advertised; cost UNKNOWN",UNKNOWN,UNKNOWN,YES,UNKNOWN,UNKNOWN,,,"Official private-label/about/FAQ pages reviewed 2026-10-09",INQUIRY_READY_HOSTED_MAIL_BLOCKED
